CODGEO;revenu médian par unité de consommation;1er quartile (revenus faibles);3čme quartile (revenus élevés);revenus trčs bas;revenus trčs élevés;rapport d'inégalité;revenu disponible médian;DISP_Q1;DISP_Q3;taux de pauvreté (seuil 60%)
1004;19920;12250;28150;6360;37960;6;20420;14730;27440;17,5
1031;19120;12390;26860;6750;36890;5,5;19710;14880;26350;16,6
1034;19040;12030;26880;6760;36820;5,4;19900;14580;26290;17,9
1053;18270;10580;26740;4800;37210;7,8;19180;13710;25950;21,7
1160;25580;9650;48950;160;72240;454,9;27650;14500;47520;21,7
1262;22440;15150;31030;8730;41350;4,7;22480;16530;29570;12
1283;16320;9500;23570;4710;32770;7;17620;12770;23450;26,4
1354;27970;11180;50620;220;73870;335,8;29460;15950;49490;18,4
2168;16990;9250;24880;3580;35300;9,8;18020;12830;24290;26,1
2173;16070;8390;23940;2060;33500;16,2;17460;12450;23710;28
2304;12310;5350;20050;330;27960;83,9;15250;11000;20600;37,1
2381;14120;6380;21180;230;28490;123,7;15740;11630;21220;34,2
2408;15610;7320;24000;1370;34040;24,9;17140;12110;23640;30,5
2691;16040;7850;24010;1180;34380;29;17350;12420;23610;28,1
2722;15890;7980;24690;2050;36170;17,6;17430;12340;24060;28,5
2738;16480;9360;22670;2880;29540;10,3;17640;13200;22620;24
2810;18670;12420;25620;6930;34270;4,9;19370;14870;24910;16,3
309503310;18460;11120;26570;3420;37730;11;19300;13970;25930;20,7
310103185;18590;11360;25820;3750;34420;9,2;19390;14100;25360;20,4
3185;17710;10060;25120;2620;34050;13;18650;13420;24820;23,2
318503211;18120;10530;25620;3100;34650;11,2;18970;13650;25190;
3190;17860;10110;25630;2440;35260;14,5;18780;13670;25110;22,3
3310;18230;10440;27000;2610;39440;15,1;19130;13680;26350;21,8
4070;19940;12380;28050;5350;37550;7;20230;14570;26930;18,3
4112;19700;11590;29110;5240;41230;7,9;20160;14170;28030;20,7
5061;20940;13980;28730;7450;39380;5,3;21160;15680;27660;14,7
602906030;20340;12750;30050;6540;44280;6,8;20560;14630;28260;18,6
6033;22080;14720;29780;8160;39160;4,8;21980;16390;28210;13,1
6054;20350;13080;28590;7070;38010;5,4;20440;15240;27100;16,7
6069;21920;14000;31340;7410;44210;6;21850;15700;29450;15,4
6088;20130;11560;30360;4840;44380;9,2;20320;14070;28450;20,8
608806114;20150;11580;30350;4870;44330;9,1;20340;14090;28440;20,7
608806123;20470;11950;30570;5150;44320;8,6;20590;14310;28600;20
6155;20570;13210;30350;6960;44560;6,4;20730;14920;28650;17,7
6157;23870;15370;35210;7800;51060;6,5;23400;16610;32510;14,3
7010;18050;10630;24730;4530;33360;7,4;18820;13650;24420;22,2
7019;17350;10140;24690;4240;35450;8,4;18510;13320;24420;23,4
7186;19310;11230;27010;3790;36360;9,6;19940;14270;26250;19,5
7319;17580;9920;24790;4010;32610;8,1;18440;13240;24460;23,9
8105;16290;7840;24960;980;35190;35,9;17500;12340;24200;28,9
8362;17590;10360;24850;4050;33740;8,3;18260;13570;24330;22,9
8409;14840;7000;22390;440;31100;71,3;16350;11920;22280;31,9
9122;19620;11660;28420;4320;38550;8,9;20160;14270;27180;20
9225;17350;9910;24860;3070;34480;11,2;18320;13380;24410;23,2
9261;18820;11250;26390;4480;36300;8,1;19340;14180;25830;19
1,00811E+14;15700;7760;23600;1350;33670;24,9;17150;12330;23200;28,9
10297;17520;9800;25060;4080;36170;8,9;18570;13540;24650;23,4
10323;15530;8520;22300;2310;29070;12,6;17000;12400;22090;29,2
10333;19880;12610;27640;5030;37550;7,5;20040;15120;26430;17,2
10387;16140;8040;24240;1330;35080;26,3;17450;12520;23760;27,7
11069;17080;8350;25980;1610;36600;22,7;18110;12630;25220;27,2
11203;16930;9680;23830;2340;32330;13,8;18040;13100;23520;24,6
11206;17970;11050;24970;4540;34690;7,6;18950;14020;24590;20,5
11262;17810;9640;26610;2910;37800;13;18620;13110;25770;24,6
12176;20890;14040;29500;7870;39100;5;21160;15780;28160;14,7
12300;19180;12270;26540;5600;36260;6,5;19690;14450;25800;18,6
13001;25080;15420;37790;7800;55980;7,2;24340;16720;34570;14
13004;17970;10270;26500;4640;37170;8;18770;13240;25500;24,1
13005;20810;13590;29530;6970;41050;5,9;20840;15420;27850;15,9
13014;18450;11950;25550;6880;33650;4,9;19330;14430;25170;18,4
13027;19260;12620;27220;7000;38520;5,5;19980;14460;26360;18,2
13041;21640;14780;29450;8500;38590;4,5;21750;16200;28110;13,1
13047;21650;14490;29840;8090;39260;4,9;21720;16250;28240;12,9
13054;20240;12840;28110;5650;37320;6,6;20580;14910;26860;18,1
13055;18350;8790;28720;2060;41870;20,4;19010;12720;27030;26,4
1305513070;18400;8840;28750;2090;41870;20,1;19040;12750;27060;26,3
13056;21530;13220;30610;6020;41690;6,9;21580;15240;28990;17
13063;17790;10710;25210;5380;33190;6,2;18710;13800;24610;21,3
13067;19180;11270;27710;5840;37780;6,5;19550;14000;26960;21
13077;17640;10490;25600;4220;34300;8,1;18790;13560;25150;22,1
13103;20750;12940;29620;6350;40830;6,4;20910;15180;28240;16,9
13106;21280;13990;29130;6600;38260;5,8;21410;15550;27690;16,2
13108;15920;8120;23950;3850;33260;8,6;17160;12060;23510;29,9
13117;20450;12470;28270;6190;36990;6;20800;15010;27280;17,2
14118;20340;11740;30380;4080;44700;11;20450;14350;28590;20
1411814271;20320;11860;30120;4270;44260;10,4;20430;14440;28430;19,7
1411814341;20420;11960;30010;4450;43590;9,8;20540;14540;28350;19,3
14167;17310;10690;23320;5510;30750;5,6;18260;14080;23330;19,5
14327;16690;9390;24270;4000;33660;8,4;17950;13070;23630;24,8
14333;18760;12000;27330;6420;39510;6,2;19320;14300;26140;19,5
14366;17110;10380;23650;4340;32080;7,4;17980;13440;23350;22,9
15014;20240;13600;28070;6720;38500;5,7;20700;15510;27220;15,1
16015;17990;9170;26870;1360;38050;28,1;18850;13180;25910;24,3
16102;20230;12440;29190;4560;40750;8,9;20480;14800;27970;18,1
16113;19360;12690;25590;6000;33490;5,6;19830;15270;25230;15,6
16374;16200;7360;24920;860;34350;39,8;17710;12300;24460;28,9
17299;18420;11100;26360;4120;35490;8,6;19110;14030;25490;20,4
17300;20490;12290;30660;5470;44670;8,2;20690;14740;28930;18
17306;21840;14810;31280;8290;43420;5,2;21870;16000;29850;13,6
17415;19990;12740;28530;5370;40120;7,5;20400;14890;27380;17,3
18033;20340;11990;29150;4150;40120;9,7;20560;14580;27690;19,1
18197;18530;12060;25440;5200;34720;6,7;19030;14410;24760;18,7
18279;17360;9720;23810;2570;31640;12,3;18190;13280;23450;24
19031;19570;12560;27940;6320;38890;6,2;19980;14700;26880;17,4
21054;21380;14280;30090;8400;44360;5,3;21300;15830;28560;13,4
21166;16270;9080;23860;4000;31540;7,9;17660;12960;23420;25,5
21231;21870;13890;30960;6730;43450;6,5;21650;15710;29010;15,2
21355;20550;13420;27870;7250;35580;4,9;20780;15470;26750;14,9
21617;22700;13180;34470;6150;50460;8,2;22420;15360;31930;15,9
22050;21700;13850;31250;6840;44170;6,5;21780;15630;29380;15,1
22113;21920;14480;30520;7160;40670;5,7;21940;16150;28940;13,7
22215;20690;14760;27320;8680;35330;4,1;20940;16420;26320;11,7
22278;19250;11320;27510;4080;37950;9,3;19690;14190;26290;20,3
23096;19580;11400;27410;3870;37500;9,7;19840;14120;26510;20,7
24037;17860;10370;25950;4090;35700;8,7;18700;13610;25300;22,2
24138;20030;12730;28030;5190;37150;7,2;20480;14890;26770;17,6
2413824322;19470;11670;27880;3940;38900;9,9;19890;14220;26840;20
25031;16550;9640;23850;4430;32560;7,4;17830;13240;23550;23,8
25056;19170;10230;28520;3160;41000;13;19570;13640;27040;22,4
25057;15050;9080;22300;4110;29420;7,2;16860;12780;22610;26,9
25284;17010;9860;23900;5530;31330;5,7;18210;13710;23670;21
25388;17190;9110;25810;3160;36890;11,7;18340;13340;25110;23,4
25462;23900;15850;35600;9240;49960;5,4;23250;16990;32950;11,1
25547;15360;9300;21910;4130;28300;6,8;17080;13060;21870;24,7
25580;18080;10910;25790;5610;34430;6,1;19000;13960;25110;20,7
26166;19610;13270;26060;7870;33860;4,3;20210;15210;25320;14,8
26198;19220;11470;28180;5290;40050;7,6;19800;14110;27130;20,3
26235;18800;11440;26350;6100;35970;5,9;19530;14220;25820;19,5
26281;18050;10910;25880;5040;35700;7,1;19000;13820;25260;21,5
26325;17050;10790;24020;5690;31010;5,4;18510;13750;24120;20,7
26362;18630;10630;27450;4560;38870;8,5;19450;13780;26610;21,4
27056;18950;10940;27460;3750;38030;10,1;19480;13950;26600;20,8
27229;16190;7970;25150;2350;35590;15,2;17630;12580;24510;27,5
27375;18210;10240;26280;4000;35760;8,9;18910;13490;25580;22,6
27467;17020;9790;24220;3690;33000;8,9;18040;13320;23770;23,3
27681;19250;10580;29370;5070;41740;8,2;19890;13770;28000;21,9
27701;13490;6980;20750;2060;28310;13,8;16230;12010;21500;31,7
28085;21580;13570;30990;6950;44410;6,4;21600;15460;29260;15,8
28088;17530;10090;24580;3630;33280;9,2;18640;13210;24230;24,2
28134;15540;8380;22960;3210;31290;9,7;17170;12250;22900;29,3
2813428404;15970;8800;23200;3660;31240;8,5;17490;12540;23140;27,7
28218;18050;10800;24640;4960;31820;6,4;18620;13690;23950;21,9
28229;18450;10220;26720;4390;35100;8;19520;13450;25700;23,3
28280;19640;12740;26190;5240;34510;6,6;19980;14770;25310;17,5
28404;16760;9770;23750;4670;31020;6,6;18320;13280;23610;23,8
29019;19870;12640;28020;5220;38250;7,3;20240;14970;26750;17,3
29039;21850;15450;29730;9400;40380;4,3;21780;16470;28350;11,7
29232;21170;14490;29270;7680;40110;5,2;21220;16070;27900;13,4
2A004;21750;13410;31760;7100;44910;6,3;21480;15310;29490;16,1
2A247;19380;11820;28170;6830;41150;6;19640;13890;26730;20,7
2B033;18600;10310;28280;4090;40940;10;19100;13460;26750;22,9
30007;15590;7750;23290;1310;32430;24,8;16830;12180;23040;30,1
30010;17340;9790;25870;3520;36650;10,4;18260;12940;25150;25,9
30028;17390;9230;25640;3490;36470;10,4;18290;12790;25070;26,4
30032;15880;8680;23780;3990;32360;8,1;17360;12410;23450;28,6
30132;11970;4160;18360;0;24710;;14500;10740;19340;41,2
30189;16520;7380;26650;1540;39490;25,6;17770;12110;25630;29,7
30202;18160;11250;26280;5180;36070;7;18970;13830;25360;21,5
30227;16660;9310;23640;3030;31320;10,3;17550;12610;23370;28,3
30258;16000;9120;23030;4120;31530;7,6;17350;12660;22800;27,2
30334;18470;10790;27650;4630;41940;9,1;19170;13470;26740;22,7
30341;18170;11060;25130;5410;33190;6,1;18860;13700;24560;21,6
31069;24960;15390;36300;7630;50070;6,6;24360;16950;33470;12,9
31149;23080;13880;32970;6130;45150;7,4;22860;15990;30940;14,9
31157;23560;14960;33240;7780;44520;5,7;23100;16620;30870;12,7
31395;20930;12810;29540;5860;40480;6,9;21280;15200;28200;16,6
31483;17750;9770;25790;1860;36350;19,6;18790;13280;25140;23,8
31555;21160;11250;32770;4300;47430;11;21190;14300;30480;20,2
32013;20020;12190;28550;4770;39150;8,2;20240;14620;27260;18,3
33032;19470;12580;26220;6020;34110;5,7;19950;14860;25450;16,5
33039;21810;14390;29740;7560;39710;5,3;21570;16020;28120;14
3303933063;23440;13950;35640;6100;53250;8,7;22840;15660;32660;16,2
33063;23710;13880;36600;5960;55010;9,2;23070;15600;33400;16,5
3306333119;22760;13120;35200;5580;53010;9,5;22330;15140;32310;17,6
3306933162;24270;16310;34820;9200;49980;5,4;23630;17400;32180;11,1
3311933167;17180;9440;25020;3780;33450;8,9;18240;13030;24300;25
33138;18510;12290;25290;6020;33770;5,6;19260;14660;24810;16,9
33162;22750;15370;30980;8410;41450;4,9;22530;16750;29190;12,2
33167;18660;10860;26250;4780;34840;7,3;19300;13970;25240;21
33192;24910;16990;35440;9720;48700;5;24250;17960;32880;10,4
33249;15010;8310;22450;3300;29940;9,1;16950;12490;22470;28,8
33281;23970;16220;33250;9180;45430;5;23320;17340;30860;11,1
33318;24740;16160;34810;8340;47450;5,7;24100;17360;32200;12,2
3332433402;15730;8580;23000;2640;32770;12,4;16950;12390;23010;29,3
33522;22920;13950;33440;6350;46450;7,3;22560;15810;31030;15,8
34003;18440;10850;26580;4390;37080;8,5;18950;13510;25540;22,8
34028;15930;8630;23240;1970;31280;15,8;17220;12630;22930;27,6
34032;14270;5970;23190;670;33870;50,4;16030;11310;22860;35,3
34108;20000;13560;27100;7640;35700;4,7;20130;15070;25860;16,1
34142;15140;8150;22430;2630;31090;11,8;16560;12210;22060;30,3
34145;17020;9460;24750;4240;32970;7,8;18150;12980;24160;25,3
34172;17520;8440;28160;2860;41150;14,4;18480;12580;26700;27,3
34301;17720;9770;26590;3470;38510;11,1;18320;12930;25380;25,8
35236;20470;13230;28420;6410;38930;6,1;20810;15270;27070;15,2
35238;21510;11770;32240;4500;46160;10,3;21410;14570;30010;19,6
35288;22010;14860;31740;8290;45890;5,5;21930;16260;30150;12,7
36044;18780;11020;26500;4040;35670;8,8;19320;14040;25510;20,3
36088;19440;13140;26000;6360;34610;5,4;19850;15110;25230;15,9
37003;20830;13780;29340;7390;40360;5,5;20930;15530;28030;15,1
37122;19730;11990;27280;5020;36590;7,3;20200;14570;26170;19,2
37195;19900;12060;27560;4870;37120;7,6;20150;14480;26480;19
37233;17220;9910;23850;3820;31660;8,3;18010;13380;23440;23,2
37261;19500;11000;28890;4040;41740;10,3;19910;13920;27450;21,4
38053;19150;11440;27120;5440;37460;6,9;19900;14270;26360;19,4
38087;21100;13820;27700;7380;35080;4,8;21460;15670;26890;14,1
38097;21640;14730;28250;8600;35580;4,1;21890;16310;27580;13,3
38151;18000;10210;25890;4370;34540;7,9;19060;13650;25350;22,2
38169;19240;12290;26640;6240;34920;5,6;19700;14750;25740;17,7
38185;20850;11850;31110;4950;43230;8,7;21050;14470;29360;19,7
38193;19150;11380;27670;5710;37320;6,5;20000;14710;26860;16,7
38298;16460;8970;23750;3750;31480;8,4;17900;12340;24100;28,9
3829838344;18110;10920;25810;5210;33880;6,5;19240;13640;25370;22,6
38317;18370;11610;25140;5930;32150;5,4;19370;14310;24840;19,5
38318;17150;10240;25020;5480;34390;6,3;18450;13380;24710;23,4
3831838544;19270;11300;28020;5240;39360;7,5;19920;14100;27170;20,6
38416;18680;12140;26030;6030;34530;5,7;19500;14640;25750;17,4
38421;19500;12540;26910;6050;35230;5,8;20120;14810;26010;17,6
38544;19700;11570;28640;5220;40430;7,8;20270;14260;27630;20,1
38553;17340;10030;25420;5230;33560;6,4;18820;13860;25050;20,5
38563;21500;13960;30020;7440;41610;5,6;21770;15950;28980;14,3
39198;19340;11460;27570;5060;37860;7,5;19890;14220;26470;19,9
39300;19020;11080;27490;4600;37820;8,2;19650;14050;26610;21
39478;18170;11370;25530;5990;34670;5,8;18900;13910;24720;20,9
40088;18870;11630;27110;4470;38160;8,5;19310;14080;26060;20,4
40192;20840;13590;28430;5950;38030;6,4;20820;15480;26900;15,7
40281;21570;14970;28940;7800;37570;4,8;21520;16380;27510;12,5
41018;17580;8850;26590;3050;37720;12,4;18500;12870;25640;25,9
41194;19370;12260;26690;5490;35210;6,4;19820;14550;25820;19,1
41269;19230;12010;27270;5160;37850;7,3;19700;14300;26310;19,7
42005;20190;13170;27790;7830;38480;4,9;20780;15160;26980;16
42044;16730;10060;22690;4630;29140;6,3;17940;13430;22820;23,2
4204442183;15820;8680;22100;3270;28590;8,7;17270;12630;22410;27,1
4210342271;20390;14140;27550;7930;35590;4,5;20950;16150;26740;13,1
42147;20260;14080;27750;8200;37730;4,6;20830;15810;27080;13
42183;13990;6700;21140;1510;27720;18,4;16000;11680;21680;33,4
42186;16870;10240;23520;4950;30750;6,2;18020;13530;23570;22,5
42187;17200;10090;24020;3330;32810;9,9;18100;13280;23710;23,8
42207;18340;11450;25670;5850;34630;5,9;19310;14220;25280;19,3
42218;17160;9150;25430;2990;35280;11,8;18330;12920;24870;25,7
43157;17970;10470;26100;4180;36290;8,7;18970;13940;25660;20,6
44036;18350;11720;25180;5450;33860;6,2;19150;14350;24660;19,6
44109;22940;13530;34100;5710;48870;8,6;22600;15530;31600;16,7
4410944162;22680;13620;33250;5860;47320;8,1;22410;15600;30970;16,4
44114;26170;17990;36580;9730;49900;5,1;25290;18750;33760;9,5
44143;22170;15390;29940;8210;39220;4,8;22080;16780;28390;12,3
44162;21620;14190;29420;6580;38430;5,8;21620;15930;27880;14,8
44184;20550;13320;28290;6110;37690;6,2;20760;15290;27060;16
45068;15080;8400;22000;3060;29160;9,5;16560;12230;21960;30,1
4506845208;14660;7570;22330;1830;31000;16,9;16240;11790;22220;32,6
4,50685E+14;16110;8620;24030;2730;32890;12;17390;12470;23620;28,2
45147;19970;11640;28070;5420;37250;6,9;20380;14520;26900;19
45155;17840;10010;25510;4300;34150;7,9;18780;13370;24810;23,1
45208;14160;6540;22750;920;33610;36,4;15890;11410;22450;34,9
45234;19760;10800;30240;4930;43020;8,7;20180;13990;28480;21
45252;15920;9530;23030;4460;31650;7,1;17330;12780;22890;26,5
45284;20950;13140;29440;6420;38880;6,1;21160;15620;27940;15,2
45285;18060;10390;25480;5130;33340;6,5;18910;13510;24720;22,6
45315;18310;10930;26810;5530;36870;6,7;19150;13640;26020;22,3
46042;19950;12240;28550;5670;38830;6,8;20450;14660;27390;18,3
47001;17240;8740;25910;2710;36900;13,6;18180;12820;25170;26,5
47157;18050;11030;25520;4920;35580;7,2;18800;13740;24820;21,9
47252;16220;10550;22550;5510;30940;5,6;17360;13190;22590;24
47310;16860;10360;23810;4460;31480;7,1;18010;13490;23630;22,8
47323;17630;10710;25190;4280;34380;8;18420;13570;24620;22,1
49007;19680;11040;29110;3950;41430;10,5;20100;14130;27770;20,4
49099;20500;14240;28010;8030;38820;4,8;20830;15950;26960;13,4
49328;19430;12830;27300;5720;37890;6,6;19970;14770;26420;17,5
49353;19230;12810;25860;6540;33650;5,1;19950;15200;25250;16
50025;20620;14150;28780;7250;39730;5,5;20850;15780;27630;13,7
50129;21050;14020;28730;7140;38320;5,4;21160;15770;27350;14
50147;18520;11450;26190;4610;36350;7,9;19210;14310;25470;19,1
50502;19370;12240;26780;5300;36130;6,8;19800;14620;25920;18,3
51108;18790;11010;26450;4330;36590;8,5;19270;13820;25350;21,5
51230;19090;11730;27620;5590;38920;7;19380;14180;26270;19,9
51454;18520;9990;27720;3480;40480;11,6;19060;13430;26370;23,2
51649;15090;8690;21970;3440;30280;8,8;16650;12590;21840;28,2
52121;20180;12840;28070;5430;37750;7;20360;14900;26600;17
52269;19000;11850;26500;5440;35930;6,6;19510;14300;25710;19,9
52448;16200;9160;23430;2810;32250;11,5;17480;12960;23020;25,5
53130;19990;12270;28480;5550;39540;7,1;20340;14700;27280;18,4
54115;20820;13310;28380;6330;37630;5,9;20830;15210;27080;15,5
54184;22000;14290;30560;6900;41890;6,1;21500;15950;28620;14,5
54215;20150;13390;27120;6250;36310;5,8;20270;15140;25980;16,2
54261;17770;10300;26030;3100;34130;11;18620;12810;25750;26,3
54274;17730;8640;25480;1610;34990;21,8;18430;12630;24640;27
54304;21910;11340;33750;3550;50450;14,2;21630;14210;31230;20,4
5430454357;18740;9260;29360;2250;43190;19,2;19160;13180;27640;24,2
54323;16460;8720;25740;1750;36920;21,1;17440;12010;25500;29,8
54329;17270;9720;24500;2280;33470;14,7;18150;13190;23910;24,1
5,43395E+14;21240;11670;32640;3740;48560;13;21090;14320;30120;20,5
5435754395;20470;10550;32120;2900;48370;16,7;20510;13660;29700;22,5
54382;15370;8370;24380;2470;33710;13,7;16660;11570;24400;32,6
5439554547;19980;10040;31370;2770;47200;17;20160;13430;29130;23,5
54431;19620;12200;27450;5680;36500;6,4;19980;14590;26420;18,4
54526;19620;12810;26830;6470;35040;5,4;20040;14970;25740;16,9
54528;17410;10420;25160;4180;34270;8,2;18230;13470;24390;22,4
55029;19570;11480;28170;4610;39020;8,5;19860;14240;26980;20
55545;18390;10790;26520;2960;37630;12,7;19180;13860;25640;21,1
56007;20460;13520;28880;6780;40730;6;20700;15440;27730;15,4
56083;20670;14720;27250;8400;35110;4,2;20960;16180;26200;12,9
56098;19420;13190;25840;6760;33120;4,9;19970;15230;25150;16,2
56121;18980;11260;27190;4170;37500;9;19430;14070;26060;20,6
56260;22340;13950;32570;6160;47250;7,7;22190;15730;30720;16
57058;12710;6920;19070;2310;26920;11,7;14870;11490;19780;38,1
57160;18050;10950;25650;4830;34230;7,1;18890;13550;24990;22,3
57206;17540;10700;26120;4800;35090;7,3;18600;13280;25870;24
5722457690;18340;11520;26130;5640;35860;6,4;19180;13990;25570;20,9
57227;15270;7190;23460;900;34600;38,6;16660;11880;23200;31,4
5724057332;16880;9910;23740;3920;31900;8,1;17760;13130;23390;24,5
57269;20430;14630;28630;8420;37020;4,4;20750;15910;27910;14,8
57332;17350;11020;24240;5690;32000;5,6;18160;13760;23960;21
57463;19340;10270;29660;3690;43120;11,7;19750;13450;28220;23,3
5746357751;18770;9880;28960;3510;42040;12;19340;13240;27630;24,1
57606;19430;11680;27920;5490;39400;7,2;19840;14180;26560;19,9
57630;18120;10510;26410;4650;36600;7,9;18730;13560;25540;22,1
57631;18400;10290;27530;3330;40950;12,3;19060;13500;26470;22,8
57672;23300;14090;36390;6390;53270;8,3;23110;15580;34910;16,6
57683;16430;9630;23940;3480;32130;9,2;17580;12540;23790;27
57757;22840;14320;33710;6280;45650;7,3;22810;15680;32720;16,5
58086;19720;12950;27410;6510;37040;5,7;19990;15010;26290;16,8
58194;18260;9610;26360;2160;37060;17,2;18930;13470;25410;23
5900859024;15990;9360;22640;3110;29410;9,4;17390;13240;22590;23,5
59009;20570;11260;31740;4760;46000;9,7;20880;14270;29680;19,7
5,90096E+14;18980;9450;29980;3190;44170;13,8;19560;13190;28170;24,3
59014;13900;7180;20450;1080;27440;25,4;16020;12200;20780;30,6
5,90146E+24;16030;8310;24230;1920;33960;17,7;17370;12610;23660;27,5
59017;16630;9370;23440;3160;31100;9,8;17820;13070;23140;24,7
5,90246E+14;16880;;;;;;18000;;;
59028;15710;9230;21930;4000;28550;7,1;17230;12970;21940;25,4
5902859509;17250;10580;23660;4990;30730;6,2;18270;13660;23340;21,3
5,90646E+14;16380;;;;;;17560;;;
5911259207;14250;7960;21240;2160;28330;13,1;15970;12160;21380;30,8
5,91126E+14;14650;8050;21600;2160;28900;13,4;16250;12310;21700;30,1
59122;17490;10030;25820;3210;36270;11,3;18400;13310;25110;23,7
59139;15330;7510;22150;1020;30120;29,5;16790;12170;22130;30,3
59153;13510;6460;20880;10;29510;5902,9;15630;11420;21290;35,2
59155;19210;13160;25370;7500;32830;4,4;19530;15070;24530;15,5
5,91636E+19;14720;7030;22590;1110;31380;28,3;16550;11950;22530;31,5
5916559178;17310;8920;26130;2430;37080;15,3;18270;12980;25220;25,4
5,91726E+14;11910;5470;19060;50;25940;538,9;14800;11290;19820;37,7
5,91726E+14;11720;5380;18690;40;25200;708,7;14740;11260;19600;38,1
59178;16350;8170;25340;1640;36870;22,4;17590;12610;24520;27,7
5917859234;16510;8450;25120;2010;36080;18;17700;12750;24400;26,8
5,91786E+14;15930;8280;24010;2190;33890;15,4;17290;12660;23580;27,5
5917859654;15780;7990;24340;1800;35210;19,6;17210;12510;23840;28,3
59179;15320;8410;21850;2170;28680;13,2;16760;12590;21940;28,1
59183;18520;10960;26650;4310;37070;8,6;19090;13840;25490;21
59205;14570;8290;21040;2360;27390;11,6;16270;12620;21320;28,1
5,92056E+14;14350;7970;20990;1860;27350;14,7;16180;12440;21190;29,1
5,92206E+19;18910;9530;29310;3210;42830;13,3;19460;13210;27600;24,2
59225;17090;10110;24660;4180;33810;8,1;18150;13400;24160;23,6
59230;17110;9290;24540;2860;33090;11,6;17960;13070;23980;24,8
59249;13590;5720;21060;0;29570;;15850;11570;21220;34
59253;14990;8700;21590;3030;28470;9,4;16530;12600;21490;27,8
59271;13350;7620;20200;2540;26750;10,5;15600;11930;20570;32,4
59291;12870;6300;20180;400;27260;67,5;15410;11700;20540;34,4
5,92916E+19;12950;;;;;;15290;;;
59295;19300;13010;26210;7120;34760;4,9;19850;15060;25400;15,5
5,92996E+14;13020;5520;22260;180;32920;183,8;15560;11290;22300;36,4
59314;18760;12310;25970;7180;32980;4,6;19410;14930;24900;16,2
59324;13860;6530;21950;60;30020;475,6;15790;11670;21860;33,1
59328;27440;17900;39690;10160;56810;5,6;26090;18510;35910;9,7
59350;18740;9010;29890;2770;44400;16;19320;12910;28000;25,6
59360;17590;10410;24680;4630;33120;7,1;18480;13760;24050;21,5
59365;11040;4180;18670;0;25750;;14280;10640;19440;42,5
59378;28680;18410;43560;10530;65140;6,2;27330;18960;39330;9,4
5938359606;18080;9740;27250;2680;38740;14,5;18890;13280;26060;23,7
59390;15590;8370;22440;2870;29930;10,4;17040;12510;22450;27,9
59392;13240;6000;20950;200;29790;145,5;15380;11300;21060;35,6
59414;17760;11610;24720;5930;32380;5,5;18610;14250;24060;18,7
5941459456;16480;10110;23190;4460;30640;6,9;17800;13440;23190;23,2
5944759613;17080;;;;;;18140;;;
59452;16730;9930;23440;4600;31020;6,8;17900;13550;23240;22,1
5945262321;16850;10360;23380;4950;30380;6,1;17910;13510;23180;21,9
59456;15670;8950;22370;3870;29090;7,5;17090;12860;22300;26,5
59481;17340;10200;24740;3800;33660;8,9;18350;13650;24240;22,6
59484;13630;7390;20490;1300;28230;21,8;15550;11800;21000;33,2
59491;15150;8200;22140;2120;29620;13,9;16630;12510;22220;29,2
59507;20780;12540;28940;5600;38510;6,9;21020;15030;27550;17,3
59512;10080;3910;18420;0;27710;;13920;10600;19500;44
59526;18930;12150;26840;6030;36990;6,1;19560;14450;26020;18,4
59544;20830;13080;29840;6440;42280;6,6;20960;15010;28170;16,6
59560;21210;13920;29160;6800;39410;5,8;21310;15680;27850;14,2
5956459606;18110;9480;27730;2330;40090;17,2;18840;13170;26390;24,4
59569;16270;9260;23100;3290;30910;9,4;17490;13020;22930;25,1
59574;16470;10040;23310;4320;30720;7,1;17630;13340;22910;23,5
59588;25190;17450;35860;10060;49540;4,9;24400;18390;32800;9,6
59599;15730;8320;22960;2160;31110;14,4;17210;12510;22850;28
5959959650;16390;9110;23250;2960;30830;10,4;17630;12870;23050;25,9
59616;15930;9090;23270;2610;30990;11,9;17190;12650;22950;27,6
59648;20380;11610;30040;5230;42080;8;20570;14350;28270;19,3
59650;17600;11140;23810;5290;30210;5,7;18440;13850;23460;21
59654;13510;7270;19920;2760;26770;9,7;15880;12150;20540;31,3
60057;17560;9280;25910;2880;35680;12,4;18470;13080;24970;24,9
60157;20400;13560;28140;6920;37020;5,4;20590;15530;26730;15,3
60159;19420;10940;30990;4830;48050;9,9;19860;13860;29260;21,6
60175;11750;6320;19090;1730;26890;15,5;14820;11040;19920;38,3
60176;21940;15090;30090;9200;39800;4,3;22030;16580;28570;11,5
60360;19380;12510;25750;5990;32710;5,5;19910;14960;25090;16,1
60395;17970;10700;25430;5910;33160;5,6;18960;13840;24870;21,1
60414;14810;8240;21570;3760;29090;7,7;16850;12400;22020;28,5
60463;15290;8460;23210;3660;31470;8,6;17020;12480;23200;28
60471;14800;7520;22500;1920;31660;16,5;16680;12140;22380;30,1
60509;19530;12290;27010;5860;35900;6,1;20000;14540;26140;18,5
60684;18310;10490;26100;4550;34990;7,7;19130;13730;25320;21,7
61001;17380;8710;25350;1840;35600;19,4;18200;12710;24800;27
61006;17600;10290;24230;3440;31410;9,1;18410;13320;23670;23,4
61169;16700;9670;23140;3460;32090;9,3;17750;12920;23050;25,6
61214;16690;9690;24170;3140;33720;10,7;17720;12830;23800;25,9
62004;20470;13230;27870;6090;36480;6;20640;14990;26510;16,5
6200462041;18760;10010;28040;3100;39730;12,8;19210;13320;26510;23,7
62014;18820;11840;25710;5610;35060;6,2;19260;14210;24950;19
62032;18620;11810;26110;6100;36400;6;19370;14130;25210;18,5
6,20406E+14;16490;9140;23980;2630;33220;12,6;17530;12880;23470;26,1
62041;18300;9320;28110;2610;40400;15,5;18870;13020;26510;25,1
62048;14280;7140;20750;500;27690;55,2;15830;12080;20920;31,5
6204862188;15270;8310;21670;1540;28340;18,4;16490;12580;21530;28,1
6,20486E+14;14330;7790;20630;1580;27250;17,2;15870;12210;20760;31,2
6204862217;14970;7930;21470;1290;28250;21,9;16360;12310;21370;29,7
62065;15010;8290;21520;2140;28400;13,3;16490;12350;21490;29,4
6206562771;14310;7800;20690;1890;27520;14,5;16010;12100;21000;31,5
6208362443;16210;9790;23060;4250;30040;7,1;17340;13160;22810;24,4
62119;16710;8360;25740;1390;37640;27,2;17730;12620;24640;27,6
6211962848;17250;9110;25750;2120;37100;17,5;18100;12910;24750;25,9
6212662480;18810;12430;25700;5860;33890;5,8;19480;14450;24610;18,3
6213362351;15310;8650;21630;3220;28140;8,8;16580;12600;21680;27,8
6213362724;15150;8370;21800;3020;28640;9,5;16590;12540;21720;28,6
62160;15030;7520;22620;1260;31530;25;16590;12290;22220;29,8
6216062667;15210;7880;22520;1720;30880;18;16690;12410;22140;29,1
6216062758;16190;8540;23810;2280;33150;14,6;17370;12760;23210;26,7
62178;14750;8180;21430;2000;29420;14,7;16140;12320;21430;30,1
6217862270;14750;8090;21430;1760;29270;16,6;16160;12320;21470;30,1
6217862400;15060;8450;21780;2240;29640;13,2;16410;12460;21670;29,1
6218662563;15990;9390;22580;3790;29390;7,8;17270;12930;22410;25,7
62193;15400;7920;22610;800;30460;38,1;16710;12210;22230;29,9
6219462270;14630;8030;21330;1810;28430;15,8;16080;12310;21480;30,9
62215;17930;11530;24710;5660;33340;5,9;18670;14210;24210;19,4
62249;15980;10180;22270;5770;28640;5;17510;13640;22350;20,7
62250;18370;11430;25090;5830;33020;5,7;18980;14150;24380;19,5
6,22506E+14;16890;10160;23390;4500;30340;6,8;17800;13380;23100;23,1
6,22766E+14;19150;12970;25340;7360;32310;4,4;19560;14800;24630;16,3
6229162498;14590;7270;21930;820;30050;36,4;16230;12010;21790;31,2
62318;16460;10990;22820;5830;31110;5,3;17440;13680;22670;20,5
6238662528;16030;9750;22620;4170;29380;7,1;17290;13060;22600;24,9
6240062457;16690;10050;22980;4840;30290;6,3;17560;13200;22590;24,1
62413;16230;9800;22890;3320;29840;9;17380;12910;22780;25,6
62427;16870;9590;23990;2940;32270;11;17950;13110;23560;24,6
6242762587;16650;9470;23550;3050;31420;10,3;17750;13040;23250;25
62498;14130;6860;21540;660;29900;45,6;15990;11840;21490;32,4
6,24986E+14;14890;7760;22080;1610;29810;18,5;16450;12230;21940;30
6,24986E+14;15490;8180;22520;1740;30620;17,6;16890;12480;22350;28,5
62510;14770;7890;21760;1920;28770;15;16380;12240;21640;30
62516;17230;9620;23870;2270;31510;13,9;18100;13030;23580;25,1
62560;18270;12050;25210;6730;32750;4,9;18730;14240;24560;18,7
62563;15170;8730;21780;3520;28200;8;16720;12710;21780;27,6
6257062724;15690;9330;22390;3540;29400;8,3;16990;12850;22210;26,4
6257062771;14690;8240;21160;2320;27910;12;16180;12270;21270;30,2
62617;16300;9930;22580;4460;29630;6,6;17390;13200;22310;24
62643;17260;11490;23050;6170;29290;4,7;18080;14050;22570;19,5
62667;15790;9120;22080;3530;28790;8,2;17040;12840;21920;26,6
62724;15430;8910;22180;3820;29390;7,7;16840;12760;22060;27,3
62737;17670;11080;24460;5440;30970;5,7;18540;13650;23960;21,8
6275362764;19030;12220;26630;5830;34820;6;19660;14540;25560;18,1
62765;15170;7220;23940;570;35230;62,1;16730;12060;23550;30,8
62895;16920;10490;23210;4910;29650;6;17770;13520;22990;22
62907;16080;9460;22610;4000;29350;7,3;17280;12850;22630;25,7
63113;18970;10190;28270;3740;40340;10,8;19460;13430;27010;23,3
63124;22820;16370;29940;9610;39010;4,1;22690;17500;28560;10,3
63430;17280;10390;24450;4610;32940;7,1;18310;13430;24310;23,1
64102;19820;12680;28090;5960;39450;6,6;20040;14880;26670;16,7
64445;19520;11100;29620;3840;43560;11,3;19930;14090;27910;20,5
65286;17610;11620;23830;5570;32160;5,8;18250;14010;23330;20
6541765440;17430;9630;25430;2660;35320;13,3;18320;13080;24720;24,7
65440;16900;8890;24920;2230;34570;15,5;17880;12810;24200;26,3
66065;17150;10730;24190;5390;33110;6,1;18090;13580;23760;22,2
66136;14930;6220;24350;310;35580;114,4;16630;11690;23770;32,6
67043;17310;9370;25240;3530;34230;9,7;18050;12960;24390;25,5
6704367447;17430;9160;25960;3540;35920;10,1;18210;12910;24980;25,7
67046;18580;11450;25810;6000;33800;5,6;19180;14280;24980;19,6
67180;21800;14450;30510;7580;42320;5,6;21720;16030;28910;14,4
67218;22750;14670;32490;7200;45450;6,3;22530;16240;30470;14,5
67267;21260;12990;29720;6340;40420;6,4;21290;15520;28080;16,4
67437;20380;12750;30190;6150;43940;7,1;20540;14740;28520;18
67447;17530;9030;26450;3560;36950;10,4;18300;12890;25400;25,8
67482;17990;8910;29230;2970;44470;14,9;18790;12800;27720;26,2
68063;20850;13700;28770;7990;39800;5;21040;15870;27610;13
68066;19480;11480;28690;5370;41690;7,8;19850;14090;27320;20,4
6815468224;14880;7530;23910;2290;36050;15,8;16600;11990;23490;31,3
68224;14160;7070;23260;1850;35690;19,3;16100;11710;22950;33,2
68297;22880;12750;37420;5740;58130;10,1;22410;14810;34150;19,1
68376;20530;14080;28210;7940;37730;4,8;20960;15710;27160;13,7
69019;20200;14280;27010;8530;35580;4,2;20950;16160;26420;12,9
69027;25550;17850;35460;10560;47760;4,5;25090;18830;33470;8,7
69029;20150;11330;29700;5340;41740;7,8;20580;14130;28280;20,7
6902969256;16190;8540;24880;3400;34810;10,2;17750;12590;24480;27,5
69091;15490;7870;22710;2780;29900;10,7;17120;12290;22850;29
6,90927E+14;18550;10400;26980;4750;37100;7,8;19430;13790;26220;21,3
69096;19690;13110;26810;7170;34290;4,8;20370;15250;25930;15,3
69123;24530;14610;36920;6890;53260;7,7;23890;16270;33920;14,9
6912369259;23010;13150;35120;5970;51030;8,6;22700;15360;32430;17,1
6914269149;22330;14550;30690;7180;41360;5,8;22190;16130;28970;14,4
69143;22240;14490;30720;7870;41820;5,3;22210;15990;29350;13
69152;19270;11270;26930;4860;35170;7,2;20080;14120;26020;20,1
69199;13730;7510;20650;2830;27340;9,7;16020;11900;21060;32,3
6919969259;13850;7130;21580;2390;28910;12,1;16170;11810;21800;32,4
69204;26330;17790;37040;9910;52030;5,2;25660;18690;34660;9,2
69243;17330;10620;23440;4950;30760;6,2;18500;13710;23420;21,2
69256;13580;6960;20780;2210;28300;12,8;15930;11710;21390;33,1
69259;13890;7020;21920;2250;29420;13,1;16220;11790;22020;32,4
69264;17180;9310;25160;3920;34290;8,7;18340;13170;24690;24,2
69266;19900;11420;29170;5110;39730;7,8;20370;14360;27770;19,6
69275;20260;12960;27930;6210;37020;6;20730;15160;26940;16,1
69282;22460;14940;31150;8480;41740;4,9;22570;16650;29560;12,2
69286;17710;9140;27240;4280;39510;9,2;18850;13260;26500;23,9
69290;19330;11660;27180;5960;36460;6,1;20170;14610;26280;18,3
70279;15590;8490;22540;2560;30730;12;16950;12760;22620;27,2
70285;19430;13070;26370;7120;34660;4,9;19830;15010;25590;15,8
70310;17700;10760;24910;4230;33770;8;18430;13790;24460;21,5
70311;17020;10060;24710;3620;36030;10;17900;13080;24090;24,6
70550;17550;9860;25680;3380;36030;10,7;18390;13280;24860;23,5
71014;18410;11710;25940;5230;36470;7;18940;14080;25100;20,3
71076;17800;10060;25580;4000;36010;9;18520;13430;24680;23
71153;18340;11690;25450;5560;34000;6,1;18960;14250;24580;19,5
71270;17460;9830;25600;4610;36040;7,8;18330;13320;24790;23,6
71306;17250;10870;23440;4270;31620;7,4;18160;13780;23140;20,9
71540;17770;10670;24530;5530;32390;5,9;18850;13860;24010;19,2
72003;16560;9340;22810;2990;29170;9,7;17650;13020;22470;25,1
7209572181;19820;11300;28180;3650;38790;10,6;20130;14190;26880;20,7
72181;19940;11530;28280;3790;38940;10,3;20210;14300;26970;20,3
72264;17830;11330;24270;5300;31890;6;18750;14190;23750;20
73008;22440;15250;31770;8850;44820;5,1;22510;16560;30310;12,3
73011;18950;12230;26800;6590;35470;5,4;19740;14450;26000;18,1
73065;20210;12160;29340;5960;40570;6,8;20620;14670;28100;18,3
74012;21250;11420;34980;5230;52930;10,1;21440;14040;33740;21,6
74042;23980;16110;34080;9270;47290;5,1;23700;17230;32260;11,9
74081;20670;13720;28890;8080;39530;4,9;20940;15600;27620;15
74133;23700;11480;42370;4650;65140;14;23510;13710;40320;22,7
74243;32760;16950;54910;7180;78830;11;31730;17950;52250;14,2
74281;23530;15190;34810;8610;50600;5,9;23260;16540;32800;13,5
75056;30150;15840;50410;7230;81970;11,3;28270;17040;44400;15,2
76057;20260;13690;26960;7570;35710;4,7;20530;15480;26060;14,4
7609576540;20520;10730;31340;3330;45810;13,7;20650;13840;29230;21,8
76157;16600;8550;24480;2510;32630;13;17770;12770;23920;26,5
7617876561;19210;11750;25890;5420;33290;6,1;19840;14700;25210;18,2
76212;17350;9430;24360;2860;32940;11,5;18250;13180;23920;24,4
76217;16830;8970;24490;1890;34370;18,2;17810;13020;23840;25,1
76231;14980;6870;22630;790;30770;38,8;16790;11920;22420;31,4
76259;17820;11020;24550;4730;33930;7,2;18600;14090;24030;20,1
76305;18320;11600;24620;5540;31790;5,7;19150;14470;24110;18,6
76319;19360;11200;26890;4430;35200;7,9;20120;14250;26020;19,9
76351;18520;10470;26940;3290;37040;11,2;19240;13820;25770;21,5
76410;16770;9120;23450;3080;30790;10;17870;13110;23080;24,5
76474;21700;14290;29540;6220;38370;6,2;21580;15990;27840;14,5
76484;18910;11810;25570;5660;33590;5,9;19590;14510;24750;18,3
76498;16760;9350;23950;3660;31250;8,5;17930;13240;23440;23,8
76540;20140;10180;30900;3050;44850;14,7;20340;13580;28740;22,8
76575;16530;8580;23950;3320;31470;9,5;17910;12760;23520;26,8
7657576681;18330;10260;25910;3920;33920;8,7;19110;13650;25050;22,3
77014;23590;15030;33550;7450;46530;6,2;22980;16450;31170;14,3
7708377337;21060;12640;31270;6710;41880;6,2;21340;15100;29380;17,2
77108;22660;13740;32030;7090;42140;5,9;22430;15740;29760;15,4
77131;19110;12050;26340;5380;34790;6,5;19730;14710;25510;17,1
77152;18420;10430;27360;4690;37410;8;19240;13700;26200;21,9
77183;19890;12680;27880;6650;36660;5,5;20200;15030;26690;16,7
77243;24610;16080;34920;8740;47840;5,5;23920;17130;32060;12,5
77284;17790;10250;26230;4990;35450;7,1;18930;13720;25340;21,9
77285;17030;9910;25040;4880;33660;6,9;18600;13590;24330;21,8
7728577288;16910;9500;25700;4220;35370;8,4;18280;13230;24720;24,1
77288;16860;9290;26220;3830;36320;9,5;18080;12950;24960;25,4
77296;21370;13330;29650;7180;37780;5,3;21700;15750;27990;15,2
77305;12750;6430;20350;1050;28280;26,9;15360;11360;20810;35,6
77333;17370;10110;24960;4960;34120;6,9;18510;13680;24470;22,1
77350;27440;19140;37720;11780;51090;4,3;26220;19530;34240;7,8
77379;16870;9430;25620;3670;38120;10,4;18070;13090;24890;24,8
77390;23330;15630;31230;8640;39840;4,6;23060;17040;29340;12,1
77445;20650;13030;28240;7300;36640;5;21100;15590;27050;14,5
77468;19890;11940;29100;6520;38230;5,9;20360;14630;27490;18,2
77514;21490;13790;29340;7410;37990;5,1;21650;15910;27840;14,6
78123;20810;12100;31150;6140;41910;6,8;20840;14530;28870;19,4
78124;33280;21100;48450;11830;68590;5,8;30970;20970;43090;7,9
78138;16990;9950;26560;5200;37210;7,2;18510;13270;25630;24,2
78208;26000;17300;35350;10020;45850;4,6;25160;18380;32420;9,7
78297;24360;15170;35960;8730;49160;5,6;23980;17090;33000;11,3
78335;18080;11160;26300;5910;34430;5,8;19470;14210;25400;19,8
78361;14420;8060;23140;3630;33080;9,1;16410;11940;22930;31,4
78362;18630;10790;26990;5740;35560;6,2;19500;14080;25860;20,4
78383;27040;19240;36650;11520;48780;4,2;26170;19720;33770;7,9
78440;15800;9710;23360;5100;31720;6,2;17530;13090;23370;24,7
78490;25030;15670;35280;9050;48210;5,3;24290;17360;32440;11,5
78498;23060;13980;34580;7510;48330;6,4;22690;15770;31770;15,3
78586;24610;15280;35410;7980;47830;6;23980;16860;32550;13,1
78621;15600;9380;23070;5130;30970;6;17480;12910;23040;25,6
78643;29280;17620;44130;9000;63130;7;27620;18570;39280;11,4
78644;16950;9670;25770;4970;35520;7,2;18160;12870;24820;25,8
79049;19960;14340;26270;7800;35140;4,5;20380;15810;25670;14
79191;21870;13950;31200;5780;43500;7,5;21670;15670;29190;15,8
79329;18420;12700;24760;5930;33450;5,6;19060;14630;24290;17,5
80001;17010;9090;24360;2620;34200;13;17910;12960;23890;25,6
80021;17640;8940;27210;2430;39560;16,3;18550;12980;25950;25,3
81004;19980;11830;29060;4220;40760;9,7;20360;14430;27940;19,6
81021;16960;10320;23570;4550;32840;7,2;17930;13240;23290;24,1
81060;17340;10940;23870;4680;31320;6,7;18220;13800;23740;21,2
81065;18840;11490;27320;4310;38660;9;19490;14120;26320;20,3
81099;18640;11950;26110;6000;35510;5,9;19300;14230;25410;19,6
81105;16310;10050;22550;4770;30390;6,4;17550;13260;22590;23,5
82112;16760;9270;24210;4270;33840;7,9;17820;12510;24030;27,9
82121;19820;11800;28430;4750;39580;8,3;20200;14450;27240;19,4
83023;17780;10250;25320;4360;35000;8;18550;13340;24710;23,6
83050;20110;12490;28180;5710;38430;6,7;20380;14640;26910;18,7
83061;20610;13390;29280;7040;40880;5,8;20560;14910;27570;17,5
83062;22040;14500;30810;7570;42420;5,6;21850;16120;28960;14,5
83069;21620;14070;30560;7250;43010;5,9;21370;15500;28760;16,1
83073;19200;12020;26040;4770;34210;7,2;19770;14100;25250;20,8
83086;19140;11650;27120;5490;36410;6,6;19670;13730;26140;22,2
83126;19840;12040;27820;5040;37240;7,4;20020;14410;26300;19,5
83137;19290;10830;28130;3820;39330;10,3;19750;13850;26720;21,4
84003;16580;9710;23820;4410;32820;7,4;17620;12670;23400;27,5
84007;14750;6940;23850;1930;34340;17,8;16580;11820;23340;32,1
84019;17930;10240;25720;4720;35090;7,4;18690;13300;25050;23,7
84031;16070;8460;24260;4090;34770;8,5;17430;12270;23860;28,8
84035;16430;9530;24200;5100;34620;6,8;17450;12680;23810;27,1
84054;21080;13920;29570;7500;41270;5,5;21170;15420;28060;15,9
84080;19230;12690;26570;6870;35190;5,1;19810;14630;25600;17,9
84087;18120;10470;26350;4780;35890;7,5;18830;13410;25430;23,4
84089;21600;14390;30450;7510;41040;5,5;21560;15830;28670;14,8
84092;17730;10170;25290;4390;33410;7,6;18610;13510;24610;23,1
84129;18210;11130;25230;5120;33080;6,5;19000;13770;24710;21,7
84138;17110;9600;24200;4920;33170;6,7;17850;12810;23670;26,4
85092;19470;13280;26440;6460;36240;5,6;19990;14980;25610;16,7
85191;20880;14010;28840;7040;38700;5,5;21050;15830;27430;14,3
8604186194;19000;9820;28300;2190;40320;18,4;19430;13300;26870;23,9
86066;18660;10680;26330;2690;36290;13,5;19260;13790;25420;21,6
86194;18420;9200;27770;1790;39910;22,3;19000;12970;26430;25,3
8619486214;19060;9840;28520;2200;41160;18,7;19490;13300;27030;23,9
87085;19070;10040;27960;2770;39300;14,2;19460;13550;26520;22,7
88160;18430;9370;27670;2140;39610;18,5;19030;13140;26360;24,6
88209;18690;11890;25410;5750;32910;5,7;19170;14320;24720;19,1
88383;17960;11060;26010;4930;37380;7,6;18690;13760;25230;21,8
88413;16670;9200;24290;2790;34670;12,4;17630;12770;23700;26,6
89024;18480;10640;26910;4320;37660;8,7;19040;13800;25780;21,4
89206;15990;8700;24020;2310;33460;14,5;17510;12260;23650;29,2
89257;15700;9060;21950;4090;29020;7,1;17120;13000;22000;25,4
89387;16620;8890;24900;3320;35730;10,8;17700;12830;24150;26
9000890010;17780;9630;26770;3270;38250;11,7;18500;13110;25770;24,5
90010;17430;9270;26370;3010;37740;12,5;18230;12950;25400;25,5
9007590099;20920;13680;29400;6810;41140;6;21070;15680;28140;15,3
91021;20870;12470;30310;6330;40690;6,4;21060;14870;28290;18,5
91027;21510;13230;30750;6980;41180;5,9;21600;15530;28810;15,9
91103;23210;14360;32420;7860;42740;5,4;22930;16420;30130;13,9
91114;27340;17380;38620;9180;53160;5,8;25900;18130;34830;11
91174;16510;9320;24980;4320;33830;7,8;17840;12790;24230;26,1
9117491553;17850;10030;27290;4800;37660;7,8;18850;13320;25930;23,7
9120191657;22640;13950;32470;7580;44110;5,8;22360;15890;30000;14,2
91207;22140;13760;30580;7970;40410;5,1;22180;16030;28700;14,6
91215;16790;9760;24540;4770;32720;6,9;17880;13330;23860;23,5
91223;18430;11200;26310;6080;35360;5,8;19210;14110;25250;20,1
91228;16540;9660;25210;5050;34690;6,9;18050;13130;24530;24,5
91235;17590;10690;24840;5190;31310;6;18730;13780;24150;21,3
91286;10760;6020;17590;2400;25600;10,7;13810;10340;18810;45
9128691687;15670;8440;25280;4140;35380;8,6;17380;12130;24400;29,7
91345;22870;14050;32660;7450;44500;6;22420;15840;30210;15,6
91377;23700;13620;34830;7280;46070;6,3;23220;15940;31920;15,9
91421;25050;14910;36470;7780;50290;6,5;24180;16570;32980;13,2
9142191657;21870;13200;31940;7020;43600;6,2;21720;15390;29540;15,7
91514;23540;15400;32230;8520;41550;4,9;22980;16810;29540;13,4
91521;18620;10480;27460;5460;37240;6,8;19360;13450;26210;23,1
91549;23560;14310;33620;7400;45560;6,2;23050;16110;30920;15,1
91570;22710;14140;31930;7420;41820;5,6;22420;16060;29470;14,5
91589;25600;16450;36100;8580;48650;5,7;24600;17480;32870;13,1
91657;19870;12140;28520;6600;37750;5,7;20310;14670;26890;17,6
91692;18220;11040;26800;6160;36190;5,9;19210;13890;25680;20,9
92002;32590;21010;47050;11670;65190;5,6;30260;20970;41780;8,1
92004;27690;15010;44260;7550;64540;8,6;26210;16420;39300;15,3
9200492036;22240;12240;36880;6210;55870;9;22040;14540;33550;19,2
92007;19250;11330;29150;6000;41460;6,9;19780;14220;27480;19,5
92019;26570;15890;40510;8600;57830;6,7;25290;17340;36130;12,1
92024;20150;10990;32290;5440;47280;8,7;20300;13560;29770;22,7
92025;23610;13160;38010;6660;57140;8,6;23140;15280;34480;17
92036;16040;9440;24250;4630;33860;7,3;17470;12710;23870;26,5
92050;19970;11050;32160;5290;47400;9;20430;13850;30070;21,5
92078;16240;9750;24170;5200;33870;6,5;17660;12990;23700;25,3
9,30019E+14;13190;7300;21680;2990;32130;10,7;15400;11040;21730;36,8
9,30019E+14;12220;6710;20170;2570;29870;11,6;14670;10540;20630;40,2
9300593071;15270;8590;24270;3890;34550;8,9;17130;12240;23860;29,3
93006;16470;8900;26890;3780;38730;10,2;17670;12210;25500;29,2
9300693048;18410;9780;30070;4470;43640;9,8;19060;12750;27980;26,3
9,30079E+19;14110;7900;22430;3330;31670;9,5;16160;11680;22370;33
9300793029;15380;8530;23830;3820;32890;8,6;16980;12000;23410;30,3
9300793030;14350;8120;22520;3630;31130;8,6;16330;11780;22370;32
9300893029;14540;8140;22710;3560;31560;8,9;16410;11810;22550;32
93010;14540;7830;23180;2940;32680;11,1;16400;11700;22940;33
9301093077;17090;9220;27410;4020;38940;9,7;18300;12500;26160;27,6
93013;15480;8560;24120;4080;34680;8,5;16870;11940;23570;31,1
9301493047;14100;7150;23670;2480;33600;13,5;16300;11480;23310;33,8
93029;16250;8830;24740;3910;34000;8,7;17510;12220;24160;28,9
93030;13700;7680;21820;3020;29060;9,6;16260;11880;21630;32
93031;14410;8200;22770;3440;31800;9,3;16380;11840;22720;31,5
93032;22040;12980;31790;6890;42840;6,2;21910;15170;29410;17,6
93039;13710;7520;22860;2500;34060;13,6;15950;11460;23020;33,9
93048;19140;10160;31190;4780;45060;9,4;19610;12960;28900;25,3
9,30489E+14;17860;9600;29040;4340;41820;9,6;18720;12680;27240;26,7
93050;19070;11030;27910;5370;37280;6,9;19710;14100;26540;20,6
93051;21920;12730;32520;6400;44150;6,9;21780;15070;30000;17,6
93053;15280;8320;24710;3490;34670;9,9;16940;11990;23970;30,7
93055;16850;9130;27720;4220;40110;9,5;17970;12430;26230;27,9
9305593061;17490;9530;28450;4410;41220;9,4;18420;12630;26810;26,8
93059;12560;6950;19950;2870;28480;9,9;14940;10670;20470;39,2
9305993066;12890;7020;21330;2740;31410;11,5;15210;10840;21550;37,7
9305993072;12630;6910;20010;2710;28190;10,4;15040;10900;20580;38
93063;17980;9990;28260;4480;39330;8,8;18880;12850;26690;25,8
93064;20190;11500;30160;5660;41040;7,3;20530;14160;28090;20,5
93066;13020;7030;21790;2700;32420;12;15270;10880;21900;37,3
9306693072;12940;6990;21280;2660;31140;11,7;15230;10930;21530;37,2
93070;17320;9360;28250;3940;41480;10,5;18310;12670;26640;26,7
93071;14170;8050;22310;3570;31360;8,8;16210;11740;22270;32,2
93072;12690;6820;20100;2590;28010;10,8;15110;11110;20680;37
93073;20140;12550;28530;6650;37470;5,6;20710;14980;27240;17,7
93078;16700;10190;24840;5230;33630;6,4;18330;13510;24390;22,7
93079;13030;7960;19840;3580;27290;7,6;15330;11760;20680;33,6
94002;21130;11870;32400;5380;45100;8,4;21000;14230;29760;20,7
94003;22610;13230;34080;6480;47740;7,4;22510;15390;31420;17,2
9400394037;21830;12630;33240;6070;47210;7,8;21760;14940;30820;18,3
9400494044;20900;12650;29680;6760;39290;5,8;21070;15140;27840;17
94011;17210;10290;25490;5120;34740;6,8;18510;13420;24630;22,7
94016;24950;14490;38430;7670;52990;6,9;24060;16170;34500;15,3
94017;19510;11140;29810;5530;41820;7,6;19940;13930;28040;21,3
9401794019;20170;11610;30550;5840;42720;7,3;20420;14240;28510;20,2
94022;19500;10900;28980;5420;39630;7,3;19920;13860;27320;21,7
94028;19340;10950;29470;5480;41440;7,6;19930;14010;27630;20,9
94033;25090;14750;39190;7510;56940;7,6;24180;16400;35290;14,7
9403794043;22300;12790;33820;6290;47680;7,6;21980;15020;31070;18,1
94038;24090;13960;36630;7180;52300;7,3;23280;15800;33050;16,2
9403894076;21520;12120;32930;6000;46590;7,8;21340;14480;30170;19,6
94041;17620;9370;28290;4220;40160;9,5;18480;12360;26730;28
9,40449E+14;16850;9430;25440;4520;34210;7,6;18070;12880;24630;25,7
94054;17390;10170;26060;4980;35320;7,1;18570;13460;25070;22,8
94068;33370;21800;49680;12700;72570;5,7;30570;21250;43290;7,9
94073;23960;14470;34680;7200;47120;6,5;23330;16260;31830;15,4
94074;14960;8710;22560;4380;30870;7;16770;12580;22590;27,6
94076;19950;11300;30730;5440;42820;7,9;20220;13900;28600;21,5
94078;14200;7850;22140;3320;30540;9,2;16080;11640;22160;33,3
94079;22810;13300;33640;6740;45750;6,8;22350;15300;30880;17,3
94081;17860;10180;27430;4800;38370;8;18710;13200;26210;24,2
95018;17380;9670;26760;4520;37600;8,3;18270;12740;25560;26,4
9501895063;17800;9940;27260;4730;38130;8,1;18650;12960;25940;25,4
9,502E+14;15340;9010;23390;4640;32020;6,9;17080;12410;23150;28,6
95063;19340;11190;28930;5650;39550;7;19900;13840;27330;21,7
95127;18390;10740;27710;5540;37910;6,8;19410;13860;26500;21,4
95218;23680;14640;33000;8350;42160;5,1;23250;16570;30560;12,7
95219;24070;14370;35160;7450;48110;6,5;23450;16150;32220;15,8
9521995252;23650;14740;33570;7770;44970;5,8;23120;16340;30820;14,6
95252;23420;14960;32470;8070;42460;5,3;22900;16490;29930;13,6
9525295582;23420;14610;33060;7620;44140;5,8;22920;16230;30560;14,7
95268;12450;7360;18970;3610;26270;7,3;14850;10870;19900;38,5
95277;16730;9910;24650;5350;32890;6,1;18060;13140;24150;24,5
95280;15850;9540;23380;5090;30840;6,1;17440;12680;23240;26,6
95306;27130;17940;37480;10000;49710;5;25890;18820;34180;9,9
9532395637;24200;15890;32540;9240;42540;4,6;23740;17420;30490;10,5
95424;20280;12330;29050;6860;39340;5,7;20780;14800;27650;17,5
95427;19190;11120;28420;5760;38090;6,6;19760;13770;26980;21,9
95476;25190;16170;35100;8080;46760;5,8;24680;17510;32410;12,5
95487;17310;10450;24200;5680;31170;5,5;18480;13340;23860;23,4
95488;22650;14510;31120;7530;40290;5,3;22470;16110;29040;13,9
95500;20570;12080;30960;6170;43850;7,1;20840;14630;28840;18,9
95555;22700;13720;34190;7240;48670;6,7;22320;15420;31420;16
95572;19670;11610;28350;5940;37180;6,3;20250;14210;27070;20,9
95585;13370;7800;20490;3710;28950;7,8;15650;11540;21070;34,3
95598;25800;15990;38280;9380;55850;6;24570;17340;34680;11,9
95607;24900;16750;34250;9140;46090;5;24240;17680;31430;10,9
95680;13040;7580;20010;3630;27370;7,6;15400;11480;20670;35,4
97209;16210;7100;27550;580;40610;70,4;18010;12030;26850;29,8
97213;18380;9490;29570;2710;42670;15,7;19530;13070;28410;24,8
97222;15410;7280;26180;1080;39550;36,6;17340;11660;25780;32
97228;11390;5310;19630;380;29720;77,8;14320;10410;20330;42,3
97407;8890;2740;16890;0;25920;;13400;10250;18630;47,7
97408;17750;8190;31210;1290;45950;35,7;19080;12630;29850;27
97409;9970;2680;19800;0;32030;;13750;10220;20820;46,1
97410;9580;1810;19560;0;31020;;13550;10030;20600;47,2
97411;14920;5360;28880;0;45430;;17020;11340;27920;34,4
97412;10300;3980;19400;0;30050;;13720;9980;20410;46,3
97413;13200;5590;25270;70;40590;554,3;15660;10720;25080;38,5
97414;10200;3310;18730;0;29530;;13600;10100;19870;46,4
97415;15190;6690;28250;790;44770;57;17130;11410;27510;33,3
97416;13120;5110;24610;0;39390;;15690;10760;24530;38,1
97418;15520;6990;27780;780;41770;53,8;17410;11720;27180;31,8
97420;13670;5580;24150;0;36630;;15840;10980;24250;37,4
97422;12180;4890;22460;0;35620;;14880;10420;22900;41
